{"cameraMode":{"drawMode":0,"name":"Shaded","section":"Shading Mode"},"sceneLighting":false,"audioPlay":false,"sceneViewState":{"showFog":true,"showMaterialUpdate":true,"showSkybox":false,"showFlares":true,"showImageEffects":true,"showParticleSystems":true},"in2DMode":false,"pivot":{"x":0.25792577862739565,"y":1.1408300399780274,"z":1.1342772245407105},"rotation":{"x":-0.6049745082855225,"y":-0.012929004617035389,"z":0.009792785160243512,"w":-0.7961164116859436},"size":2.1159613132476808,"orthographic":false}