{"cameraMode":{"drawMode":0,"name":"Shaded","section":"Shading Mode"},"sceneLighting":false,"audioPlay":false,"sceneViewState":{"showFog":true,"showMaterialUpdate":true,"showSkybox":false,"showFlares":true,"showImageEffects":true,"showParticleSystems":true},"in2DMode":false,"pivot":{"x":1.061934232711792,"y":0.7111921906471252,"z":0.6621917486190796},"rotation":{"x":0.21866275370121003,"y":0.7613252401351929,"z":-0.3204471468925476,"w":0.519506573677063},"size":1.1660254001617432,"orthographic":true}