{"cameraMode":{"drawMode":0,"name":"Shaded","section":"Shading Mode"},"sceneLighting":false,"audioPlay":false,"sceneViewState":{"showFog":true,"showMaterialUpdate":true,"showSkybox":false,"showFlares":true,"showImageEffects":true,"showParticleSystems":true},"in2DMode":false,"pivot":{"x":0.41573232412338259,"y":-0.021979570388793947,"z":0.7027673721313477},"rotation":{"x":0.333789587020874,"y":0.6433086395263672,"z":-0.36902445554733279,"w":0.581877589225769},"size":1.1911922693252564,"orthographic":false}