{"cameraMode":{"drawMode":0,"name":"Shaded","section":"Shading Mode"},"sceneLighting":false,"audioPlay":false,"sceneViewState":{"showFog":true,"showMaterialUpdate":true,"showSkybox":false,"showFlares":true,"showImageEffects":true,"showParticleSystems":true},"in2DMode":false,"pivot":{"x":0.07238374650478363,"y":-0.10256798565387726,"z":-0.01720280572772026},"rotation":{"x":0.009960022754967213,"y":-0.7221470475196838,"z":0.010397209785878659,"w":0.6916027069091797},"size":1.2925999164581299,"orthographic":false}