{"cameraMode":{"drawMode":0,"name":"Shaded","section":"Shading Mode"},"sceneLighting":false,"audioPlay":false,"sceneViewState":{"showFog":true,"showMaterialUpdate":true,"showSkybox":false,"showFlares":true,"showImageEffects":true,"showParticleSystems":true},"in2DMode":false,"pivot":{"x":1.2947858572006226,"y":0.13036052882671357,"z":-0.07291258126497269},"rotation":{"x":0.555945634841919,"y":0.0012468047207221389,"z":-0.0008339925552718341,"w":0.8312187790870667},"size":0.12936931848526,"orthographic":false}