{"cameraMode":{"drawMode":0,"name":"Shaded","section":"Shading Mode"},"sceneLighting":false,"audioPlay":false,"sceneViewState":{"showFog":true,"showMaterialUpdate":true,"showSkybox":false,"showFlares":true,"showImageEffects":true,"showParticleSystems":true},"in2DMode":false,"pivot":{"x":-0.43621769547462466,"y":0.30544087290763857,"z":0.4990619719028473},"rotation":{"x":0.19361825287342072,"y":-0.6551609039306641,"z":0.1792372614145279,"w":0.7079489231109619},"size":1.3114880323410035,"orthographic":false}