{"cameraMode":{"drawMode":0,"name":"Shaded","section":"Shading Mode"},"sceneLighting":false,"audioPlay":false,"sceneViewState":{"showFog":true,"showMaterialUpdate":true,"showSkybox":false,"showFlares":true,"showImageEffects":true,"showParticleSystems":true},"in2DMode":false,"pivot":{"x":-9.127574920654297,"y":0.5689777731895447,"z":2.6705169677734377},"rotation":{"x":0.07105766236782074,"y":0.644081711769104,"z":-0.06027080863714218,"w":0.7592769861221314},"size":1.225642204284668,"orthographic":false}