{"cameraMode":{"drawMode":0,"name":"Shaded","section":"Shading Mode"},"sceneLighting":false,"audioPlay":false,"sceneViewState":{"showFog":true,"showMaterialUpdate":false,"showSkybox":false,"showFlares":true,"showImageEffects":true,"showParticleSystems":true},"in2DMode":false,"pivot":{"x":7.450580596923828e-9,"y":0.11171101033687592,"z":0.03361116349697113},"rotation":{"x":-0.025058213621377946,"y":-0.9562222957611084,"z":0.2785932421684265,"w":-0.0860077366232872},"size":0.2765101194381714,"orthographic":false}