{"cameraMode":{"drawMode":0,"name":"Shaded","section":"Shading Mode"},"sceneLighting":false,"audioPlay":false,"sceneViewState":{"showFog":true,"showMaterialUpdate":false,"showSkybox":false,"showFlares":true,"showImageEffects":true,"showParticleSystems":true},"in2DMode":false,"pivot":{"x":6.605985641479492,"y":2.8379526138305666,"z":7.934202194213867},"rotation":{"x":0.06968285143375397,"y":0.8995628952980042,"z":-0.156227245926857,"w":0.40205520391464236},"size":13.86979866027832,"orthographic":false}