{"cameraMode":{"drawMode":0,"name":"Shaded","section":"Shading Mode"},"sceneLighting":false,"audioPlay":false,"sceneViewState":{"showFog":true,"showMaterialUpdate":false,"showSkybox":false,"showFlares":true,"showImageEffects":true,"showParticleSystems":true},"in2DMode":false,"pivot":{"x":2.327589988708496,"y":1.7947144508361817,"z":-2.382946729660034},"rotation":{"x":0.06968285143375397,"y":0.8995628952980042,"z":-0.156227245926857,"w":0.40205520391464236},"size":9.4851655960083,"orthographic":false}