{"cameraMode":{"drawMode":0,"name":"Shaded","section":"Shading Mode"},"sceneLighting":false,"audioPlay":false,"sceneViewState":{"showFog":true,"showMaterialUpdate":false,"showSkybox":false,"showFlares":true,"showImageEffects":true,"showParticleSystems":true},"in2DMode":false,"pivot":{"x":-0.25486457347869875,"y":0.3695758581161499,"z":1.819749355316162},"rotation":{"x":0.11026562005281449,"y":0.7085849642753601,"z":-0.11362394690513611,"w":0.6876401305198669},"size":0.8660253882408142,"orthographic":false}