{"cameraMode":{"drawMode":0,"name":"Shaded","section":"Shading Mode"},"sceneLighting":false,"audioPlay":false,"sceneViewState":{"showFog":true,"showMaterialUpdate":false,"showSkybox":false,"showFlares":true,"showImageEffects":true,"showParticleSystems":true},"in2DMode":false,"pivot":{"x":0.12039797753095627,"y":0.167989581823349,"z":0.30024248361587527},"rotation":{"x":0.00017294885765295476,"y":0.9828674793243408,"z":0.0011796776670962573,"w":-0.18464922904968263},"size":0.29880639910697939,"orthographic":false}