{"cameraMode":{"drawMode":0,"name":"Shaded","section":"Shading Mode"},"sceneLighting":false,"audioPlay":false,"sceneViewState":{"showFog":true,"showMaterialUpdate":false,"showSkybox":false,"showFlares":true,"showImageEffects":true,"showParticleSystems":true},"in2DMode":false,"pivot":{"x":1.4901161193847657e-7,"y":0.5866962671279907,"z":-0.4448355436325073},"rotation":{"x":0.14380469918251038,"y":-0.7870445251464844,"z":0.200130894780159,"w":0.5655634999275208},"size":0.8334566354751587,"orthographic":false}