{"cameraMode":{"drawMode":0,"name":"Shaded","section":"Shading Mode"},"sceneLighting":false,"audioPlay":false,"sceneViewState":{"showFog":true,"showMaterialUpdate":false,"showSkybox":false,"showFlares":true,"showImageEffects":true,"showParticleSystems":true},"in2DMode":false,"pivot":{"x":0.2856939733028412,"y":1.479897379875183,"z":-2.993858814239502},"rotation":{"x":0.00036670907866209745,"y":0.9993733167648315,"z":-0.03599163889884949,"w":0.010500605218112469},"size":2.355621099472046,"orthographic":false}