{"cameraMode":{"drawMode":0,"name":"Shaded","section":"Shading Mode"},"sceneLighting":false,"audioPlay":false,"sceneViewState":{"showFog":true,"showMaterialUpdate":false,"showSkybox":false,"showFlares":true,"showImageEffects":true,"showParticleSystems":true},"in2DMode":false,"pivot":{"x":-0.0005269944667816162,"y":0.09135766327381134,"z":0.043211691081523898},"rotation":{"x":-0.018846318125724794,"y":0.9687315225601196,"z":-0.07746961712837219,"w":-0.23521776497364045},"size":0.18608759343624116,"orthographic":false}