{"cameraMode":{"drawMode":0,"name":"Shaded","section":"Shading Mode"},"sceneLighting":false,"audioPlay":false,"sceneViewState":{"showFog":true,"showMaterialUpdate":false,"showSkybox":false,"showFlares":true,"showImageEffects":true,"showParticleSystems":true},"in2DMode":false,"pivot":{"x":0.023954596370458604,"y":0.1376982182264328,"z":0.06563408672809601},"rotation":{"x":-0.0014033716870471836,"y":0.9982708692550659,"z":-0.054267339408397678,"w":-0.02516287937760353},"size":0.23260948061943055,"orthographic":false}