{"cameraMode":{"drawMode":0,"name":"Shaded","section":"Shading Mode"},"sceneLighting":false,"audioPlay":false,"sceneViewState":{"showFog":true,"showMaterialUpdate":false,"showSkybox":false,"showFlares":true,"showImageEffects":true,"showParticleSystems":true},"in2DMode":false,"pivot":{"x":0.11972525715827942,"y":0.11461666971445084,"z":-0.19233709573745728},"rotation":{"x":0.013196623884141446,"y":0.7360333204269409,"z":-0.01435448881238699,"w":0.6766649484634399},"size":0.8660253882408142,"orthographic":true}