{"cameraMode":{"drawMode":0,"name":"Shaded","section":"Shading Mode"},"sceneLighting":false,"audioPlay":false,"sceneViewState":{"showFog":true,"showMaterialUpdate":false,"showSkybox":false,"showFlares":true,"showImageEffects":true,"showParticleSystems":true},"in2DMode":false,"pivot":{"x":1.4901161193847657e-8,"y":0.16756650805473329,"z":0.0504167377948761},"rotation":{"x":-0.025058213621377946,"y":-0.9562222957611084,"z":0.2785932421684265,"w":-0.0860077366232872},"size":0.4147651493549347,"orthographic":false}