{"cameraMode":{"drawMode":0,"name":"Shaded","section":"Shading Mode"},"sceneLighting":false,"audioPlay":false,"sceneViewState":{"showFog":true,"showMaterialUpdate":false,"showSkybox":false,"showFlares":true,"showImageEffects":true,"showParticleSystems":true},"in2DMode":false,"pivot":{"x":-317.7952575683594,"y":69.3870620727539,"z":9.619505882263184},"rotation":{"x":0.06968285143375397,"y":0.8995628952980042,"z":-0.156227245926857,"w":0.40205520391464236},"size":1.415097951889038,"orthographic":false}